{
  "src\\app\\error.tsx": 1775803821.8993337,
  "src\\app\\layout.tsx": 1775803832.5359569,
  "src\\app\\not-found.tsx": 1775560611.022848,
  "src\\app\\page.tsx": 1775717541.7794437,
  "src\\app\\robots.ts": 1775559618.443788,
  "src\\app\\sitemap.ts": 1775559617.3829682,
  "src\\app\\about\\page.tsx": 1775803936.7554674,
  "src\\app\\certificates\\page.tsx": 1775803869.4651644,
  "src\\app\\contact\\page.tsx": 1775803885.9158087,
  "src\\app\\products\\page.tsx": 1775803902.6015835,
  "src\\app\\products\\[slug]\\page.tsx": 1775801752.8065946,
  "src\\components\\animations\\CounterAnimation.tsx": 1775558942.7283235,
  "src\\components\\animations\\index.ts": 1775558947.1416917,
  "src\\components\\animations\\PageTransition.tsx": 1775559463.9591906,
  "src\\components\\animations\\ParallaxLayer.tsx": 1775558935.1383972,
  "src\\components\\animations\\ScrollReveal.tsx": 1775559466.0100715,
  "src\\components\\animations\\StaggerChildren.tsx": 1775559464.9879081,
  "src\\components\\layout\\Footer.tsx": 1775803932.342234,
  "src\\components\\layout\\Header.tsx": 1775804484.942768,
  "src\\components\\layout\\LanguageSwitcher.tsx": 1775717961.7489717,
  "src\\components\\layout\\WaveDivider.tsx": 1775560646.7906692,
  "src\\components\\layout\\WhatsAppFab.tsx": 1775559029.825871,
  "src\\components\\products\\InquiryForm.tsx": 1775560663.9585347,
  "src\\components\\products\\ProductGrid.tsx": 1775562467.699943,
  "src\\components\\products\\ProductsSection.tsx": 1775717722.208988,
  "src\\components\\sections\\CertificateStrip.tsx": 1775804429.0510442,
  "src\\components\\sections\\CTABanner.tsx": 1775804503.3067126,
  "src\\components\\sections\\HeroSection.tsx": 1775804491.9877012,
  "src\\components\\sections\\JourneySection.tsx": 1775803947.6514716,
  "src\\components\\sections\\ProductShowcase.tsx": 1775804510.8277755,
  "src\\components\\sections\\WhyChooseUs.tsx": 1775801409.2754228,
  "src\\components\\seo\\StructuredData.tsx": 1775559624.600479,
  "src\\components\\ui\\Badge.tsx": 1775560628.6391163,
  "src\\components\\ui\\Button.tsx": 1775721838.2636497,
  "src\\components\\ui\\Card.tsx": 1775801423.9628997,
  "src\\components\\ui\\Input.tsx": 1775803838.6913686,
  "src\\components\\ui\\SectionHeader.tsx": 1775803821.9892368,
  "src\\components\\ui\\Select.tsx": 1775803847.7547839,
  "src\\components\\ui\\Textarea.tsx": 1775803843.3395274,
  "src\\lib\\utils.ts": 1775558865.0241027,
  "src\\lib\\constants\\certificates.ts": 1775558948.1332238,
  "src\\lib\\constants\\navigation.ts": 1775717531.8374026,
  "src\\lib\\constants\\products.ts": 1775717516.4911816,
  "src\\lib\\i18n\\LanguageContext.tsx": 1775717941.5921235,
  "src\\lib\\i18n\\translations.ts": 1775717928.684853
}